session_type,start_time,end_time,duration_minutes,task,subtask,completed,resumed,focus_rating,intent_fulfilled,interrupted
Short Break,2025-06-05 14:49:36,2025-06-05 14:49:36,0.95,yass,,1,0,,,0
Short Break,2025-06-05 14:49:37,2025-06-05 14:49:38,0.97,yass,,1,0,,,0
Short Break,2025-06-05 14:49:39,2025-06-05 14:52:16,156.38,yass,,1,1,,,1
Work,2025-06-05 14:52:16,2025-06-05 14:52:17,0.94,yass,213,1,0,,,0
Short Break,2025-06-05 14:52:17,2025-06-05 14:52:18,0.91,yass,,1,0,,,0
Work,2025-06-05 14:52:18,2025-06-05 14:52:19,0.95,yass,213,1,0,,,0
Short Break,2025-06-05 14:52:19,2025-06-05 14:52:20,0.97,yass,,1,0,,,0
Work,2025-06-05 14:52:20,2025-06-05 14:52:40,20.76,yass,,1,0,,,0
Short Break,2025-06-05 14:52:41,2025-06-05 14:52:41,0.92,yass,,1,0,,,0
Work,2025-06-05 14:52:41,2025-06-05 14:52:42,0.95,yass,,1,0,,,0
Long Break,2025-06-05 14:52:42,2025-06-05 14:52:43,0.93,yass,,1,0,,,0
Work,2025-06-05 14:52:43,2025-06-05 14:52:44,0.93,yass,,1,0,,,0
Short Break,2025-06-05 14:52:44,2025-06-05 14:52:45,0.97,yass,,1,0,,,0
Work,2025-06-05 14:52:45,2025-06-05 14:52:46,0.94,yass,,1,0,,,0
Short Break,2025-06-05 14:52:46,2025-06-05 14:52:47,0.97,yass,,1,0,,,0
Work,2025-06-05 14:52:47,2025-06-05 14:52:48,0.95,yass,,1,0,,,0
Work,2025-06-05 14:53:26,2025-06-05 14:53:27,0.94,new_trail,2313,1,0,,,0
Short Break,2025-06-05 14:53:27,2025-06-05 14:53:28,0.93,new_trail,,1,0,,,0
Work,2025-06-05 14:53:28,2025-06-05 14:53:29,0.96,new_trail,2313,1,0,,,0
Short Break,2025-06-05 14:53:29,2025-06-05 14:53:30,0.95,new_trail,,1,0,,,0
Work,2025-06-05 14:53:30,2025-06-05 15:08:10,879.64,new_trail,2313,1,1,,,1
Short Break,2025-06-05 15:08:10,2025-06-05 15:08:11,0.85,new_trail,,1,0,,,0
Work,2025-06-05 15:08:11,2025-06-05 15:08:12,0.97,new_trail,2313,1,0,,,0
Short Break,2025-06-05 15:08:19,2025-06-05 15:08:23,0,new_trail,,0,0,,,0
Work,2025-06-05 15:15:12,2025-06-05 15:15:13,0.94,tttttttt,,1,0,,,0
Short Break,2025-06-05 15:15:13,2025-06-05 15:15:14,0.95,tttttttt,,1,0,,,0
Work,2025-06-05 15:15:14,2025-06-05 15:15:15,0.94,tttttttt,,1,0,,,0
Short Break,2025-06-05 15:15:15,2025-06-05 15:15:16,0.93,tttttttt,,1,0,,,0
Work,2025-06-05 15:21:49,2025-06-05 15:21:50,0.93,treqer,21,1,0,,,0
Short Break,2025-06-05 15:21:50,2025-06-05 15:21:51,0.96,treqer,,1,0,,,0
Work,2025-06-05 15:21:51,2025-06-05 15:21:52,0.95,treqer,21,1,0,,,0
Short Break,2025-06-05 15:21:52,2025-06-05 15:21:53,0.94,treqer,,1,0,,,0
Work,2025-06-05 15:21:53,2025-06-05 15:21:54,0.92,treqer,21,1,0,,,0
Short Break,2025-06-05 15:21:54,2025-06-05 15:21:55,0.97,treqer,,1,0,,,0
Work,2025-06-05 15:21:55,2025-06-05 15:21:56,0.95,treqer,21,1,0,,,0
Long Break,2025-06-05 15:21:56,2025-06-05 15:21:57,0.95,treqer,,1,0,,,0
Work,2025-06-05 15:21:57,2025-06-05 15:21:58,0.93,treqer,,1,0,,,0
Short Break,2025-06-05 15:21:58,2025-06-05 15:21:59,0.94,treqer,,1,0,,,0
Work,2025-06-05 15:21:59,2025-06-05 15:22:00,0.95,treqer,,1,0,,,0
Short Break,2025-06-05 15:22:00,2025-06-05 15:22:01,0.95,treqer,,1,0,,,0
Work,2025-06-05 15:22:01,2025-06-05 15:22:07,5.96,treqer,dasdad,1,0,,,0
Short Break,2025-06-05 15:22:07,2025-06-05 15:22:08,0.95,treqer,,1,0,,,0
Work,2025-06-05 15:22:08,2025-06-05 15:22:09,0.93,treqer,dasdad,1,0,,,0
Long Break,2025-06-05 15:22:09,2025-06-05 15:22:10,0.95,treqer,,1,0,,,0
Work,2025-06-05 15:22:10,2025-06-05 15:22:11,0.92,treqer,dasdad,1,0,,,0
Short Break,2025-06-05 15:22:11,2025-06-05 15:22:12,0.95,treqer,,1,0,,,0
Work,2025-06-05 15:22:12,2025-06-05 15:22:13,0.92,treqer,dasdad,1,0,,,0
Short Break,2025-06-05 15:22:13,2025-06-05 15:22:14,0.95,treqer,,1,0,,,0
Work,2025-06-05 15:22:14,2025-06-05 15:22:15,0.93,treqer,,1,0,,,0
Short Break,2025-06-05 15:22:15,2025-06-05 15:22:16,0.97,treqer,,1,0,,,0
Work,2025-06-05 15:22:16,2025-06-05 15:22:16,0.97,treqer,,1,0,,,0
Long Break,2025-06-05 15:22:17,2025-06-05 15:22:17,0.97,treqer,,1,0,,,0
Work,2025-06-05 15:22:17,2025-06-05 15:22:18,0.95,treqer,,1,0,,,0
Short Break,2025-06-05 15:22:18,2025-06-05 15:22:19,0.94,treqer,,1,0,,,0
Work,2025-06-05 15:22:19,2025-06-05 15:22:20,0.93,treqer,,1,0,,,0
Short Break,2025-06-05 15:22:20,2025-06-05 15:22:21,0.94,treqer,,1,0,,,0
Work,2025-06-05 15:22:21,2025-06-05 15:22:22,0.93,treqer,,1,0,,,0
Short Break,2025-06-05 15:22:22,2025-06-05 15:22:23,0.97,treqer,,1,0,,,0
Work,2025-06-05 15:22:23,2025-06-05 15:22:24,0.95,treqer,,1,0,,,0
Long Break,2025-06-05 15:22:24,2025-06-05 15:22:25,0.98,treqer,,1,0,,,0
Work,2025-06-05 15:22:25,2025-06-05 15:22:26,0.94,treqer,,1,0,,,0
Short Break,2025-06-05 15:22:26,2025-06-05 15:22:27,0.96,treqer,,1,0,,,0
Work,2025-06-05 15:22:27,2025-06-05 15:22:28,0.92,treqer,,1,0,,,0
Short Break,2025-06-05 15:22:28,2025-06-05 15:22:29,0.97,treqer,,1,0,,,0
Work,2025-06-05 15:22:29,2025-06-05 15:22:30,0.95,treqer,,1,0,,,0
Short Break,2025-06-05 15:22:30,2025-06-05 15:22:31,0.97,treqer,,1,0,,,0
Work,2025-06-05 15:22:43,2025-06-05 15:22:44,0,12313,,0,0,,,0
Work,2025-06-05 15:22:53,2025-06-05 15:22:54,0.95,312,,1,0,,,0
Short Break,2025-06-05 15:22:54,2025-06-05 15:22:55,0.93,312,,1,0,,,0
Work,2025-06-05 15:22:55,2025-06-05 15:23:00,5.18,312,,1,0,,,0
Work,2025-06-05 15:24:00,2025-06-05 15:24:01,0.94,123123,3131,1,0,,,0
Short Break,2025-06-05 15:24:01,2025-06-05 15:24:02,0.97,123123,,1,0,,,0
Work,2025-06-05 15:24:02,2025-06-05 15:24:03,0.97,123123,3131,1,0,,,0
Short Break,2025-06-05 15:24:03,2025-06-05 15:24:04,0.98,123123,,1,0,,,0
Work,2025-06-05 15:24:04,2025-06-05 15:24:06,2.76,123123,3131,1,0,,,0
Short Break,2025-06-05 15:24:07,2025-06-05 15:24:08,0.99,123123,,1,0,,,0
Work,2025-06-05 15:24:08,2025-06-05 15:24:08,0.95,123123,3131,1,0,,,0
Long Break,2025-06-05 15:24:09,2025-06-05 15:24:09,0.96,123123,,1,0,,,0
Work,2025-06-05 15:24:10,2025-06-05 15:24:10,0.93,123123,3131,1,0,,,0
Short Break,2025-06-05 15:24:10,2025-06-05 15:24:11,0.98,123123,,1,0,,,0
Work,2025-06-05 15:24:11,2025-06-05 15:24:12,0.95,123123,1331,1,0,,,0
Short Break,2025-06-05 15:24:12,2025-06-05 15:24:13,0.96,123123,,1,0,,,0
Work,2025-06-05 15:24:13,2025-06-05 15:24:14,0.9,123123,1331,1,0,,,0
Work,2025-06-05 15:24:24,2025-06-05 15:24:25,0.98,rewewr,,1,0,,,0
Short Break,2025-06-05 15:24:25,2025-06-05 15:24:26,0.95,rewewr,,1,0,,,0
Work,2025-06-05 15:24:26,2025-06-05 15:24:27,0.97,rewewr,,1,0,,,0
Short Break,2025-06-05 15:24:27,2025-06-05 15:24:28,0.95,rewewr,,1,0,,,0
Work,2025-06-05 15:24:28,2025-06-05 15:24:29,0.95,rewewr,,1,0,,,0
Short Break,2025-06-05 15:24:29,2025-06-05 15:24:30,0.91,rewewr,,1,0,,,0
Work,2025-06-05 15:24:30,2025-06-05 15:24:31,0.91,rewewr,,1,0,,,0
Long Break,2025-06-05 15:24:31,2025-06-05 15:24:31,0.95,rewewr,,1,0,,,0
Work,2025-06-05 15:24:31,2025-06-05 15:24:33,1.06,rewewr,,1,0,,,0
Short Break,2025-06-05 15:24:33,2025-06-05 15:24:34,0.92,rewewr,,1,0,,,0
Work,2025-06-05 15:24:34,2025-06-05 15:24:34,0.93,rewewr,,1,0,,,0
Short Break,2025-06-05 15:24:34,2025-06-05 15:24:35,0.95,rewewr,,1,0,,,0
Work,2025-06-05 15:24:35,2025-06-05 15:26:28,113.08,rewewr,,1,1,,,1
Short Break,2025-06-05 15:26:28,2025-06-05 15:26:29,0.94,rewewr,,1,0,,,0
Work,2025-06-05 15:26:29,2025-06-05 15:26:30,0.87,rewewr,,1,0,,,0
Short Break,2025-06-05 15:26:30,2025-06-05 15:26:31,0.95,rewewr,,1,0,,,0
Work,2025-06-05 15:26:44,2025-06-05 15:26:45,0.96,dadsasssss,,1,0,,,0
Short Break,2025-06-05 15:26:45,2025-06-05 15:26:46,0.95,dadsasssss,,1,0,,,0
Work,2025-06-05 15:26:46,2025-06-05 15:26:47,0.95,dadsasssss,,1,0,,,0
Short Break,2025-06-05 15:26:47,2025-06-05 15:26:48,0.93,dadsasssss,,1,0,,,0
Work,2025-06-05 15:26:48,2025-06-05 15:26:49,0.95,dadsasssss,,1,0,,,0
Work,2025-06-05 15:32:27,2025-06-05 15:32:28,0.92,yyssfsg,yaas quenef,1,0,,,0
Short Break,2025-06-05 15:32:28,2025-06-05 15:32:29,0.92,yyssfsg,,1,0,,,0
Work,2025-06-05 15:32:29,2025-06-05 15:32:30,0.95,yyssfsg,yaas quenef,1,0,,,0
Short Break,2025-06-05 15:32:30,2025-06-05 15:32:31,0.96,yyssfsg,,1,0,,,0
Work,2025-06-05 15:32:31,2025-06-05 15:32:32,0.92,yyssfsg,yaas quenef,1,0,,,0
Short Break,2025-06-05 15:32:32,2025-06-05 15:32:33,0.92,yyssfsg,,1,0,,,0
Work,2025-06-05 15:32:33,2025-06-05 15:32:34,0.96,yyssfsg,yaas quenef,1,0,,,0
Long Break,2025-06-05 15:32:34,2025-06-05 15:32:56,22.03,yyssfsg,,1,1,,,1
Work,2025-06-05 15:33:12,2025-06-05 15:33:13,0.94,111111111,11121,1,0,,,0
Short Break,2025-06-05 15:33:13,2025-06-05 15:33:14,0.52,111111111,,1,0,,,0
Work,2025-06-05 15:33:14,2025-06-05 15:33:14,0.46,111111111,11121,1,0,,,0
Short Break,2025-06-05 15:33:14,2025-06-05 15:33:15,0.52,111111111,,1,0,,,0
Work,2025-06-05 15:33:15,2025-06-05 15:33:15,0.48,111111111,11121,1,0,,,0
Short Break,2025-06-05 15:33:15,2025-06-05 15:33:16,0.54,111111111,,1,0,,,0
Work,2025-06-05 15:33:16,2025-06-05 15:33:16,0.48,111111111,11121,1,0,,,0
Long Break,2025-06-05 15:33:17,2025-06-05 15:33:17,0.52,111111111,,1,0,,,0
Work,2025-06-05 15:33:17,2025-06-05 15:33:18,0.48,111111111,11121,1,0,,,0
Short Break,2025-06-05 15:33:18,2025-06-05 15:33:18,0.54,111111111,,1,0,,,0
Work,2025-06-05 15:33:18,2025-06-05 15:33:19,0.48,111111111,11121,1,0,,,0
Short Break,2025-06-05 15:33:19,2025-06-05 15:33:19,0.51,111111111,,1,0,,,0
Work,2025-06-05 15:33:19,2025-06-05 15:33:20,0.49,111111111,11121,1,0,,,0
Short Break,2025-06-05 15:33:20,2025-06-05 15:33:20,0.51,111111111,,1,0,,,0
Work,2025-06-05 15:33:20,2025-06-05 15:33:21,0.67,111111111,11121,1,0,,,0
Long Break,2025-06-05 15:33:21,2025-06-05 15:33:21,0.54,111111111,,1,0,,,0
Work,2025-06-05 15:33:21,2025-06-05 15:33:22,0.46,111111111,11121,1,0,,,0
Short Break,2025-06-05 15:33:22,2025-06-05 15:33:22,0.48,111111111,,1,0,,,0
Work,2025-06-05 15:33:22,2025-06-05 15:33:23,0.46,111111111,11121,1,0,,,0
Short Break,2025-06-05 15:33:23,2025-06-05 15:33:24,0.66,111111111,,1,0,,,0
Work,2025-06-05 15:33:37,2025-06-05 15:33:38,0.95,213,,1,0,,,0
Short Break,2025-06-05 15:33:38,2025-06-05 15:33:39,0.94,213,,1,0,,,0
Work,2025-06-05 15:33:39,2025-06-05 15:33:40,0.93,213,,1,0,,,0
Short Break,2025-06-05 15:33:40,2025-06-05 15:33:41,0.97,213,,1,0,,,0
Work,2025-06-05 15:33:41,2025-06-05 15:33:42,0.95,213,,1,0,,,0
Short Break,2025-06-05 15:33:42,2025-06-05 15:33:43,0.99,213,,1,0,,,0
Work,2025-06-05 15:33:43,2025-06-05 15:33:44,0.95,213,,1,0,,,0
Long Break,2025-06-05 15:33:44,2025-06-05 15:33:45,0.95,213,,1,0,,,0
Work,2025-06-05 15:33:45,2025-06-05 15:33:46,0.93,213,,1,0,,,0
Short Break,2025-06-05 15:33:46,2025-06-05 15:33:47,0.93,213,,1,0,,,0
Work,2025-06-05 15:33:47,2025-06-05 15:33:48,0.97,213,,1,0,,,0
Short Break,2025-06-05 15:33:48,2025-06-05 15:33:56,8.04,213,,1,0,,,0
Work,2025-06-05 15:33:56,2025-06-05 15:33:57,0.94,213,121,1,0,,,0
Short Break,2025-06-05 15:33:57,2025-06-05 15:33:58,0.93,213,,1,0,,,0
Work,2025-06-05 15:33:58,2025-06-05 15:33:59,0.95,213,121,1,0,,,0
Long Break,2025-06-05 15:33:59,2025-06-05 15:34:00,0.96,213,,1,0,,,0
Work,2025-06-05 15:34:00,2025-06-05 15:34:09,8.79,213,121,1,0,,,0
Short Break,2025-06-05 15:34:09,2025-06-05 15:34:10,0.94,213,,1,0,,,0
Work,2025-06-05 15:34:10,2025-06-05 15:34:10,0.93,213,111,1,0,,,0
Short Break,2025-06-05 15:34:11,2025-06-05 15:34:11,0.97,213,,1,0,,,0
Work,2025-06-05 15:34:11,2025-06-05 15:34:12,0.95,213,111,1,0,,,0
Short Break,2025-06-05 15:34:12,2025-06-05 15:34:13,0.92,213,,1,0,,,0
Work,2025-06-05 15:34:13,2025-06-05 15:34:14,0.92,213,111,1,0,,,0
Long Break,2025-06-05 15:34:14,2025-06-05 15:34:19,4.9,213,,1,0,,,0
Work,2025-06-05 15:34:19,2025-06-05 15:34:20,0.91,213,111,1,0,,,0
Short Break,2025-06-05 15:34:20,2025-06-05 15:34:21,0.49,213,,1,0,,,0
Work,2025-06-05 15:34:21,2025-06-05 15:34:21,0.46,213,,1,0,,,0
Short Break,2025-06-05 15:34:21,2025-06-05 15:34:22,0.49,213,,1,0,,,0
Work,2025-06-05 15:34:22,2025-06-05 15:34:22,0.46,213,,1,0,,,0
Short Break,2025-06-05 15:34:22,2025-06-05 15:34:23,0.5,213,,1,0,,,0
Work,2025-06-05 15:34:23,2025-06-05 15:34:23,0.59,213,,1,0,,,0
Long Break,2025-06-05 15:34:23,2025-06-05 15:34:24,0.51,213,,1,0,,,0
Work,2025-06-05 15:34:24,2025-06-05 15:34:24,0.46,213,,1,0,,,0
Short Break,2025-06-05 15:34:24,2025-06-05 15:34:25,0.5,213,,1,0,,,0
Work,2025-06-05 15:34:25,2025-06-05 15:34:25,0.45,213,,1,0,,,0
Short Break,2025-06-05 15:34:25,2025-06-05 15:34:26,0.52,213,,1,0,,,0
Work,2025-06-05 15:34:26,2025-06-05 15:34:26,0.46,213,,1,0,,,0
Short Break,2025-06-05 15:34:26,2025-06-05 15:34:27,0.5,213,,1,0,,,0
Work,2025-06-05 15:34:27,2025-06-05 15:34:27,0.46,213,,1,0,,,0
Long Break,2025-06-05 15:34:27,2025-06-05 15:34:28,0.5,213,,1,0,,,0
Work,2025-06-05 15:34:28,2025-06-05 15:34:28,0.45,213,,1,0,,,0
Short Break,2025-06-05 15:34:28,2025-06-05 15:34:29,0.5,213,,1,0,,,0
Work,2025-06-05 15:34:29,2025-06-05 15:34:29,0.46,213,,1,0,,,0
Short Break,2025-06-05 15:34:29,2025-06-05 15:34:30,0.5,213,,1,0,,,0
Work,2025-06-05 15:34:30,2025-06-05 15:34:30,0.46,213,,1,0,,,0
Short Break,2025-06-05 15:34:30,2025-06-05 15:34:31,0.52,213,,1,0,,,0
Work,2025-06-05 15:35:45,2025-06-05 15:35:46,0.95,132,,1,0,,,0
Short Break,2025-06-05 15:35:46,2025-06-05 15:35:46,0.48,132,,1,0,,,0
Work,2025-06-05 15:35:46,2025-06-05 15:35:47,0.47,132,,1,0,,,0
Short Break,2025-06-05 15:35:47,2025-06-05 15:35:47,0.47,132,,1,0,,,0
Work,2025-06-05 15:35:47,2025-06-05 15:35:48,0.46,132,,1,0,,,0
Short Break,2025-06-05 15:35:48,2025-06-05 15:35:48,0.49,132,,1,0,,,0
Work,2025-06-05 15:35:48,2025-06-05 15:35:49,0.48,132,,1,0,,,0
Long Break,2025-06-05 15:35:49,2025-06-05 15:35:49,0.51,132,,1,0,,,0
Work,2025-06-05 15:35:49,2025-06-05 15:35:50,0.48,132,,1,0,,,0
Short Break,2025-06-05 15:35:50,2025-06-05 15:35:51,0.61,132,,1,0,,,0
Work,2025-06-05 15:35:51,2025-06-05 15:35:51,0.64,132,,1,0,,,0
Short Break,2025-06-05 15:35:51,2025-06-05 15:35:52,0.49,132,,1,0,,,0
Work,2025-06-05 15:35:52,2025-06-05 15:35:52,0.64,132,,1,0,,,0
Short Break,2025-06-05 15:35:52,2025-06-05 15:35:53,0.53,132,,1,0,,,0
Work,2025-06-05 15:35:53,2025-06-05 15:35:53,0.46,132,,1,0,,,0
Long Break,2025-06-05 15:35:53,2025-06-05 15:35:54,0.49,132,,1,0,,,0
Work,2025-06-05 15:35:54,2025-06-05 15:35:54,0.51,,,1,0,,,0
Short Break,2025-06-05 15:35:54,2025-06-05 15:35:55,0.47,,,1,0,,,0
Work,2025-06-05 15:35:55,2025-06-05 15:35:55,0.46,,,1,0,,,0
Short Break,2025-06-05 15:35:55,2025-06-05 15:35:56,0.47,,,1,0,,,0
Work,2025-06-05 15:35:56,2025-06-05 15:35:56,0.54,,,1,0,,,0
Short Break,2025-06-05 15:35:56,2025-06-05 15:35:57,0.48,,,1,0,,,0
Work,2025-06-05 15:35:57,2025-06-05 15:35:57,0.46,,,1,0,,,0
Long Break,2025-06-05 15:35:57,2025-06-05 15:35:58,0.46,,,1,0,,,0
Work,2025-06-05 15:35:58,2025-06-05 15:35:58,0.46,,,1,0,,,0
Short Break,2025-06-05 15:35:58,2025-06-05 15:35:59,0.59,,,1,0,,,0
Work,2025-06-05 15:35:59,2025-06-05 15:35:59,0.58,,,1,0,,,0
Work,2025-06-05 15:37:27,2025-06-05 15:37:28,0.93,1232,,1,0,,,0
Short Break,2025-06-05 15:37:28,2025-06-05 15:37:28,0.45,1232,,1,0,,,0
Work,2025-06-05 16:50:49,2025-06-05 16:50:50,0.94,,,1,0,,,0
Short Break,2025-06-05 16:50:50,2025-06-05 16:50:50,0.48,,,1,0,,,0
Short Break,2025-06-05 16:50:50,2025-06-05 16:50:59,0,,,0,0,,,0
Work,2025-06-05 16:51:05,2025-06-05 16:51:07,0,,,0,0,,,0
Work,2025-06-05 16:51:31,2025-06-05 16:51:31,0.95,,,1,0,,,0
Short Break,2025-06-05 16:51:31,2025-06-05 16:51:32,0.48,,,1,0,,,0
Work,2025-06-05 16:55:55,2025-06-05 16:55:55,0.92,12313,1123,1,0,,,0
Work,2025-06-05 16:58:37,2025-06-05 16:58:38,0.97,12312313131313,1fffff,1,0,,,0
Short Break,2025-06-05 16:58:38,2025-06-05 16:58:38,0.46,12312313131313,,1,0,,,0
Work,2025-06-05 16:58:38,2025-06-05 16:58:39,0.49,12312313131313,,1,0,,,0
Short Break,2025-06-05 16:58:39,2025-06-05 16:58:39,0.49,12312313131313,,1,0,,,0
Work,2025-06-05 16:58:39,2025-06-05 16:58:40,0.48,12312313131313,,1,0,,,0
Short Break,2025-06-05 16:58:40,2025-06-05 16:58:40,0.49,12312313131313,,1,0,,,0
Work,2025-06-05 16:58:40,2025-06-05 16:58:41,0.49,12312313131313,,1,0,,,0
Work,2025-06-05 16:58:40,2025-06-05 16:58:48,7.35,12312313131313,,1,0,5,Partially,0
Work,2025-06-05 16:59:49,2025-06-05 16:59:50,0.94,1231323ad,31231,1,0,,,0
Work,2025-06-05 17:02:01,2025-06-05 17:02:02,0.97,Tria,132,1,0,,,0
Work,2025-06-08 13:43:32,2025-06-08 13:43:33,0.93,12313,1123,1,0,,,0
Short Break,2025-06-08 13:43:33,2025-06-08 13:43:33,0.45,12313,,1,0,,,0
Work,2025-06-08 13:43:33,2025-06-08 13:43:34,0.47,12313,1123,1,0,,,0
Short Break,2025-06-08 13:43:34,2025-06-08 13:43:34,0.48,12313,,1,0,,,0
Work,2025-06-08 13:43:34,2025-06-08 13:43:35,0.46,12313,312,1,0,,,0
Short Break,2025-06-08 13:43:35,2025-06-08 13:43:35,0.47,12313,,1,0,,,0
Work,2025-06-08 13:43:35,2025-06-08 13:43:36,0.46,12313,31231,1,0,,,0
Long Break,2025-06-08 13:43:36,2025-06-08 13:43:36,0.46,12313,,1,0,,,0
Work,2025-06-08 13:43:36,2025-06-08 13:43:37,0.46,12313,312111,1,0,,,0
Short Break,2025-06-08 13:43:37,2025-06-08 13:43:37,0.47,12313,,1,0,,,0
Work,2025-06-08 13:43:37,2025-06-08 13:43:38,0.46,12313,312111,1,0,,,0
Short Break,2025-06-08 13:43:38,2025-06-08 13:43:38,0.46,12313,,1,0,,,0
Work,2025-06-08 13:43:38,2025-06-08 13:43:39,0.46,12313,312111,1,0,,,0
Work,2025-06-08 13:43:38,2025-06-08 13:43:48,10.19,12313,,1,0,5,Yes,0
Work,2025-06-08 13:43:38,2025-06-08 13:43:57,18.63,12313,,1,0,,,0
Work,2025-06-08 13:49:18,2025-06-08 13:49:19,0.94,21,,1,0,,,0
Short Break,2025-06-08 13:49:19,2025-06-08 13:49:20,0.46,21,,1,0,,,0
Work,2025-06-08 13:49:20,2025-06-08 13:49:20,0.46,21,,1,0,,,0
Short Break,2025-06-08 13:49:20,2025-06-08 13:49:21,0.48,21,,1,0,,,0
Work,2025-06-08 13:49:21,2025-06-08 13:49:21,0.46,21,,1,0,,,0
Work,2025-06-08 13:49:21,2025-06-08 13:49:28,7.65,21,,1,0,,,0
Work,2025-06-08 13:52:55,2025-06-08 13:52:56,0.95,5655,,1,0,,,0
Short Break,2025-06-08 13:52:56,2025-06-08 13:52:56,0.47,5655,,1,0,,,0
Work,2025-06-08 13:52:56,2025-06-08 13:52:57,0.46,5655,,1,0,,,0
Short Break,2025-06-08 13:52:57,2025-06-08 13:52:57,0.48,5655,,1,0,,,0
Work,2025-06-08 13:52:57,2025-06-08 13:52:58,0.46,5655,,1,0,,,0
Short Break,2025-06-08 13:52:58,2025-06-08 13:52:58,0.46,5655,,1,0,,,0
Work,2025-06-08 13:52:58,2025-06-08 13:52:59,0.46,5655,,1,0,,,0
Long Break,2025-06-08 13:52:59,2025-06-08 13:52:59,0.47,5655,,1,0,,,0
Work,2025-06-08 13:52:59,2025-06-08 13:53:00,0.48,5655,,1,0,,,0
Work,2025-06-08 13:52:59,2025-06-08 13:53:04,5.22,5655,,1,0,,,0
Short Break,2025-06-08 13:53:04,2025-06-08 13:53:05,0.95,5655,,1,0,,,0
Work,2025-06-08 13:53:05,2025-06-08 13:53:06,0.46,5655,,1,0,,,0
Short Break,2025-06-08 13:53:06,2025-06-08 13:53:06,0.49,5655,,1,0,,,0
Work,2025-06-08 13:53:06,2025-06-08 13:53:07,0.46,5655,,1,0,,,0
Short Break,2025-06-08 13:53:07,2025-06-08 13:53:07,0.47,5655,,1,0,,,0
Work,2025-06-08 13:53:07,2025-06-08 13:53:08,0.46,5655,,1,0,,,0
Long Break,2025-06-08 13:53:08,2025-06-08 13:53:08,0.47,5655,,1,0,,,0
Work,2025-06-08 13:53:08,2025-06-08 13:53:09,0.46,5655,,1,0,,,0
Work,2025-06-08 13:53:08,2025-06-08 13:53:15,6.48,5655,,1,0,,,0
Short Break,2025-06-08 13:53:15,2025-06-08 13:53:16,0.93,5655,,1,0,,,0
Work,2025-06-08 13:53:16,2025-06-08 13:53:16,0.46,5655,,1,0,,,0
Short Break,2025-06-08 13:53:16,2025-06-08 13:53:17,0.46,5655,,1,0,,,0
Work,2025-06-08 13:53:17,2025-06-08 13:53:17,0.47,5655,,1,0,,,0
Short Break,2025-06-08 13:53:17,2025-06-08 13:53:18,0.48,5655,,1,0,,,0
Work,2025-06-08 13:53:18,2025-06-08 13:53:18,0.46,5655,,1,0,,,0
Work,2025-06-08 13:53:18,2025-06-08 13:53:26,8.1,5655,,1,0,,,0
Long Break,2025-06-08 13:53:26,2025-06-08 13:53:27,0.93,5655,,1,0,,,0
Work,2025-06-08 13:53:27,2025-06-08 13:53:27,0.46,5655,,1,0,,,0
Short Break,2025-06-08 13:53:27,2025-06-08 13:53:28,0.47,5655,,1,0,,,0
Work,2025-06-08 13:53:28,2025-06-08 13:53:28,0.47,5655,,1,0,,,0
Short Break,2025-06-08 13:53:28,2025-06-08 13:53:29,0.48,5655,,1,0,,,0
Work,2025-06-08 13:53:29,2025-06-08 13:53:29,0.47,5655,,1,0,,,0
Short Break,2025-06-08 13:53:29,2025-06-08 13:53:30,0.48,5655,,1,0,,,0
Work,2025-06-08 13:53:30,2025-06-08 13:53:30,0.46,5655,,1,0,,,0
Long Break,2025-06-08 13:53:30,2025-06-08 13:53:31,0.48,5655,,1,0,,,0
Work,2025-06-08 13:53:31,2025-06-08 13:53:31,0.46,5655,,1,0,,,0
Work,2025-06-08 14:43:16,2025-06-08 14:43:17,0.94,1231323ad,31231,1,0,,,0
Short Break,2025-06-08 14:43:17,2025-06-08 14:43:17,0.49,1231323ad,,1,0,,,0
Work,2025-06-08 14:43:17,2025-06-08 14:43:18,0.46,1231323ad,31231,1,0,,,0
Short Break,2025-06-08 14:43:18,2025-06-08 14:43:18,0.5,1231323ad,,1,0,,,0
Work,2025-06-08 14:43:18,2025-06-08 14:43:19,0,1231323ad,,0,0,,,0
Work,2025-06-08 14:44:36,2025-06-08 14:44:37,0.93,Tria,3123,1,0,,,0
Short Break,2025-06-08 14:44:37,2025-06-08 14:44:37,0.49,Tria,,1,0,,,0
Work,2025-06-08 14:44:37,2025-06-08 14:44:38,0.46,Tria,3123,1,0,,,0
Short Break,2025-06-08 14:44:38,2025-06-08 14:44:38,0.51,Tria,,1,0,,,0
Work,2025-06-08 14:44:38,2025-06-08 14:44:39,0.46,Tria,3123,1,0,,,0
Short Break,2025-06-08 14:44:39,2025-06-08 14:44:39,0.49,Tria,,1,0,,,0
Work,2025-06-08 14:44:39,2025-06-08 14:44:40,0.46,Tria,21331,1,0,,,0
Long Break,2025-06-08 14:44:40,2025-06-08 14:44:40,0.49,Tria,,1,0,,,0
Work,2025-06-08 14:44:40,2025-06-08 14:44:41,0.47,Tria,21331,1,0,,,0
Short Break,2025-06-08 14:44:41,2025-06-08 14:44:41,0.51,Tria,,1,0,,,0
Work,2025-06-08 14:44:41,2025-06-08 14:44:42,0.47,Tria,21331,1,0,,,0
Short Break,2025-06-08 14:44:42,2025-06-08 14:44:42,0.49,Tria,,1,0,,,0
Work,2025-06-08 14:44:42,2025-06-08 14:44:43,0.47,Tria,21331,1,0,,,0
Work,2025-06-08 14:44:42,2025-06-08 14:44:51,8.48,Tria,,1,0,5,No,0
Work,2025-06-13 00:36:43,2025-06-13 00:36:44,0.95,1231323ad,1312,1,0,,,0
Short Break,2025-06-13 00:36:44,2025-06-13 00:36:45,0.48,1231323ad,,1,0,,,0
Work,2025-06-13 00:36:45,2025-06-13 00:36:45,0.47,1231323ad,1312,1,0,,,0
Short Break,2025-06-13 00:36:45,2025-06-13 00:36:46,0.49,1231323ad,,1,0,,,0
Work,2025-06-13 00:36:46,2025-06-13 00:36:46,0.47,1231323ad,1312,1,0,,,0
Short Break,2025-06-13 00:36:46,2025-06-13 00:36:47,0.49,1231323ad,,1,0,,,0
Work,2025-06-13 00:36:47,2025-06-13 00:36:47,0.47,1231323ad,1312,1,0,,,0
Long Break,2025-06-13 00:36:47,2025-06-13 00:36:48,0.49,1231323ad,,1,0,,,0
Work,2025-06-13 00:36:48,2025-06-13 00:36:48,0.47,1231323ad,1312,1,0,,,0
Short Break,2025-06-13 00:36:48,2025-06-13 00:36:49,0.49,1231323ad,,1,0,,,0
Work,2025-06-13 00:36:49,2025-06-13 00:36:49,0.47,1231323ad,1312,1,0,,,0
Short Break,2025-06-13 00:36:49,2025-06-13 00:36:50,0.49,1231323ad,,1,0,,,0
Work,2025-06-13 00:36:50,2025-06-13 00:36:50,0.47,1231323ad,1312,1,0,,,0
Short Break,2025-06-13 00:36:50,2025-06-13 00:36:52,2.21,1231323ad,,1,0,,,0
Work,2025-06-13 00:36:52,2025-06-13 00:36:53,0.47,1231323ad,1312,1,0,,,0
Work,2025-06-13 00:36:52,2025-06-13 00:37:08,15.21,1231323ad,,1,0,5,No,0
Long Break,2025-06-13 00:37:08,2025-06-13 00:37:09,0.94,1231323ad,,1,0,,,0
Work,2025-06-13 00:37:09,2025-06-13 00:37:09,0.47,1231323ad,,1,0,,,0
Short Break,2025-06-13 00:37:09,2025-06-13 00:37:10,0.51,1231323ad,,1,0,,,0
Work,2025-06-13 00:37:10,2025-06-13 00:37:10,0.47,1231323ad,,1,0,,,0
Short Break,2025-06-13 00:37:10,2025-06-13 00:37:11,0.53,1231323ad,,1,0,,,0
Work,2025-06-13 00:37:11,2025-06-13 00:37:11,0.47,1231323ad,,1,0,,,0
Short Break,2025-06-13 00:37:11,2025-06-13 00:37:12,0.52,1231323ad,,1,0,,,0
Work,2025-06-13 00:37:12,2025-06-13 00:37:12,0.46,1231323ad,,1,0,,,0
Work,2025-06-13 00:48:34,2025-06-13 00:48:35,0.94,thtrtrw,,1,0,,,0
Short Break,2025-06-13 00:48:35,2025-06-13 00:48:35,0.46,thtrtrw,,1,0,,,0
Work,2025-06-13 00:48:35,2025-06-13 00:48:36,0.46,thtrtrw,,1,0,,,0
Short Break,2025-06-13 00:48:36,2025-06-13 00:48:36,0.47,thtrtrw,,1,0,,,0
Work,2025-06-13 00:48:36,2025-06-13 00:48:37,0.47,thtrtrw,,1,0,,,0
Short Break,2025-06-13 00:48:37,2025-06-13 00:48:37,0.47,thtrtrw,,1,0,,,0
Work,2025-06-13 00:48:37,2025-06-13 00:48:38,0.47,thtrtrw,,1,0,,,0
Long Break,2025-06-13 00:48:38,2025-06-13 00:48:38,0.47,thtrtrw,,1,0,,,0
Work,2025-06-13 00:48:38,2025-06-13 00:48:39,0.47,thtrtrw,,1,0,,,0
Short Break,2025-06-13 00:48:39,2025-06-13 00:48:39,0.47,thtrtrw,,1,0,,,0
Work,2025-06-13 00:48:39,2025-06-13 00:48:40,0.47,thtrtrw,,1,0,,,0
Short Break,2025-06-13 00:48:44,2025-06-13 00:48:45,0.92,thtrtrw,,1,0,,,0
Work,2025-06-13 00:48:45,2025-06-13 00:48:45,0.47,thtrtrw,,1,0,,,0
Short Break,2025-06-13 00:48:45,2025-06-13 00:48:46,0.47,thtrtrw,,1,0,,,0
Work,2025-06-13 00:48:46,2025-06-13 00:48:46,0.47,thtrtrw,,1,0,,,0
Long Break,2025-06-13 00:48:46,2025-06-13 00:48:47,0.47,thtrtrw,,1,0,,,0
Work,2025-06-13 00:48:47,2025-06-13 00:48:47,0.47,thtrtrw,,1,0,,,0
Short Break,2025-06-13 00:48:47,2025-06-13 00:48:48,0.47,thtrtrw,,1,0,,,0
Work,2025-06-13 00:48:48,2025-06-13 00:48:48,0.46,thtrtrw,,1,0,,,0
Short Break,2025-06-13 00:48:48,2025-06-13 00:48:49,0.47,thtrtrw,,1,0,,,0
Work,2025-06-13 00:48:49,2025-06-13 00:48:49,0.47,thtrtrw,,1,0,,,0
Work,2025-06-13 00:48:49,2025-06-13 00:48:56,7.27,thtrtrw,,1,0,5,Yes,0
Work,2025-06-13 13:02:19,2025-06-13 13:02:20,0.92,Tria,132,1,0,,,0
Short Break,2025-06-13 13:02:20,2025-06-13 13:02:21,0.49,Tria,,1,0,,,0
Work,2025-06-13 13:02:21,2025-06-13 13:02:21,0.47,Tria,3123,1,0,,,0
Short Break,2025-06-13 13:02:21,2025-06-13 13:02:22,0.49,Tria,,1,0,,,0
Work,2025-06-13 13:02:22,2025-06-13 13:02:22,0.47,Tria,3123,1,0,,,0
Short Break,2025-06-13 13:02:22,2025-06-13 13:02:23,0.49,Tria,,1,0,,,0
Work,2025-06-13 13:02:23,2025-06-13 13:02:23,0.47,Tria,3123,1,0,,,0
Long Break,2025-06-13 13:02:23,2025-06-13 13:02:24,0.49,Tria,,1,0,,,0
Work,2025-06-13 13:02:24,2025-06-13 13:02:24,0.47,Tria,21331,1,0,,,0
Short Break,2025-06-13 13:02:24,2025-06-13 13:02:25,0.47,Tria,,1,0,,,0
Work,2025-06-13 13:02:25,2025-06-13 13:02:25,0.47,Tria,21331,1,0,,,0
Short Break,2025-06-13 13:02:25,2025-06-13 13:02:26,0.49,Tria,,1,0,,,0
Work,2025-06-13 13:02:26,2025-06-13 13:02:26,0.46,Tria,21331,1,0,,,0
Short Break,2025-06-13 13:02:26,2025-06-13 13:02:27,0.49,Tria,,1,0,,,0
Work,2025-06-13 13:02:27,2025-06-13 13:02:27,0.47,Tria,21331,1,0,,,0
Work,2025-06-13 13:02:27,2025-06-13 13:02:32,5.05,Tria,,1,0,,,0
Long Break,2025-06-13 13:02:32,2025-06-13 13:02:33,0.93,Tria,,1,0,,,0
Work,2025-06-13 13:02:33,2025-06-13 13:02:33,0.47,Tria,,1,0,,,0
Short Break,2025-06-13 13:02:33,2025-06-13 13:02:34,0.48,Tria,,1,0,,,0
Work,2025-06-13 13:02:34,2025-06-13 13:06:06,212.16,Tria,,1,1,,,1
Short Break,2025-06-13 13:06:06,2025-06-13 13:06:06,0.46,Tria,,1,0,,,0
Work,2025-06-13 13:06:06,2025-06-13 13:06:07,0.47,Tria,,1,0,,,0
Short Break,2025-06-13 13:06:07,2025-06-13 13:06:07,0.5,Tria,,1,0,,,0
Work,2025-06-13 13:06:07,2025-06-13 13:06:08,0.47,Tria,,1,0,,,0
Short Break,2025-06-13 13:06:08,2025-06-13 13:06:08,0.49,Tria,,1,0,,,0
Work,2025-06-13 13:06:08,2025-06-13 13:06:09,0.47,Tria,,1,0,,,0
Long Break,2025-06-13 13:06:09,2025-06-13 13:06:09,0.48,Tria,,1,0,,,0
Work,2025-06-13 13:06:09,2025-06-13 13:06:10,0.47,Tria,,1,0,,,0
Work,2025-06-13 13:06:09,2025-06-13 13:06:15,5.56,Tria,,1,0,,,0
Short Break,2025-06-13 13:06:15,2025-06-13 13:06:16,0.91,Tria,,1,0,,,0
Work,2025-06-13 13:06:16,2025-06-13 13:06:16,0.46,Tria,,1,0,,,0
Short Break,2025-06-13 13:06:16,2025-06-13 13:06:17,0.49,Tria,,1,0,,,0
Work,2025-06-13 13:06:17,2025-06-13 13:06:17,0.47,Tria,,1,0,,,0
Short Break,2025-06-13 13:06:17,2025-06-13 13:06:18,0.48,Tria,,1,0,,,0
Work,2025-06-13 13:06:18,2025-06-13 13:06:18,0.47,Tria,,1,0,,,0
Long Break,2025-06-13 13:06:18,2025-06-13 13:06:19,0.5,Tria,,1,0,,,0
Work,2025-06-13 13:06:19,2025-06-13 13:06:19,0.47,Tria,,1,0,,,0
Short Break,2025-06-13 13:06:19,2025-06-13 13:06:20,0.48,Tria,,1,0,,,0
Work,2025-06-13 13:06:20,2025-06-13 13:06:20,0.47,Tria,,1,0,,,0
Work,2025-06-19 14:29:16,2025-06-19 14:29:16,0.0,111111111,,1,0,,,0
Work,2025-06-19 14:32:08,2025-06-19 14:32:08,0.0,111111111,,1,0,,,0
Work,2025-06-19 14:38:38,2025-06-19 14:38:39,0.015303916666666667,111111111,,1,0,,,0
Short Break,2025-06-19 14:38:38,2025-06-19 14:38:40,0.030999833333333334,111111111,,1,0,,,0
Work,2025-06-19 14:38:38,2025-06-19 14:38:41,0.04658901666666667,111111111,,1,0,,,0
Short Break,2025-06-19 14:38:38,2025-06-19 14:38:42,0.06259158333333333,111111111,,1,0,,,0
Work,2025-06-19 14:38:38,2025-06-19 14:38:43,0.07836495,111111111,,1,0,,,0
Short Break,2025-06-19 14:38:38,2025-06-19 14:38:44,0.09433508333333333,111111111,,1,0,,,0
Work,2025-06-19 14:38:38,2025-06-19 14:38:45,0.10978853333333333,111111111,,1,0,,,0
Long Break,2025-06-19 14:38:38,2025-06-19 14:38:45,0.12,111111111,,0,0,,,1
Work,2025-06-19 14:38:55,2025-06-19 14:38:55,0.015176816666666667,sdadads,,1,0,,,0
Work,2025-06-19 14:43:26,2025-06-19 14:43:27,0.015106383333333334,asdadaaaaaaa,,1,0,,,0
Work,2025-06-19 14:45:01,2025-06-19 14:45:01,0.015300900000000001,vvvvvvvvvvvvvvvvvvv,,1,0,,,0
Work,2025-06-19 14:46:38,2025-06-19 14:46:39,0.015254733333333333,dasdaasaaqwe,,1,0,,,0
Work,2025-06-19 14:46:38,2025-06-19 14:46:44,5.96,dasdaasaaqwe,,1,0,5,Yes,0
Short Break,2025-06-19 14:46:38,2025-06-19 14:46:45,0.11523488333333334,dasdaasaaqwe,,1,0,,,0
Work,2025-06-19 14:46:38,2025-06-19 14:46:46,0.1306054,dasdaasaaqwe,,1,0,,,0
Work,2025-06-19 21:49:20,2025-06-19 21:49:21,0.015227083333333334,asqweqew,,1,0,,,0
Work,2025-06-19 21:49:20,2025-06-19 21:49:26,6.18,asqweqew,,1,0,5,Yes,0
Short Break,2025-06-19 21:49:20,2025-06-19 21:49:27,0.11863226666666667,asqweqew,,1,0,,,0
Work,2025-06-19 21:49:20,2025-06-19 21:49:28,0.13433633333333334,asqweqew,,1,0,,,0
Work,2025-06-19 21:49:20,2025-06-19 21:49:33,12.51,asqweqew,,1,0,5,No,0
Short Break,2025-06-19 21:49:20,2025-06-19 21:49:34,0.2242559166666667,asqweqew,,1,0,,,0
Work,2025-06-19 21:49:20,2025-06-19 21:49:35,0.23992876666666665,asqweqew,,1,0,,,0
Work,2025-06-19 21:54:17,2025-06-19 21:54:18,0.01520705,41123132,,1,0,,,0
Short Break,2025-06-19 21:54:17,2025-06-19 21:54:19,0.031048950000000002,41123132,,1,0,,,0
Work,2025-06-19 21:54:17,2025-06-19 21:54:20,0.046680033333333336,41123132,,1,0,,,0
Work,2025-06-19 21:54:17,2025-06-19 21:54:29,11.75,41123132,,1,0,5,Yes,0
Short Break,2025-06-19 21:54:17,2025-06-19 21:54:29,0.21134166666666668,41123132,,1,0,,,0
Work,2025-06-19 21:54:17,2025-06-20 00:36:26,162.15873474999998,41123132,,1,1,,,0
Work,2025-06-19 21:54:17,2025-06-20 00:38:18,164.02288435,41123132,,1,1,,,0
Work,2025-06-19 21:54:17,2025-06-20 00:39:50,165.5537327,41123132,,1,1,,,0
Work,2025-06-20 00:40:06,2025-06-20 00:40:07,0.015559666666666666,thtrtrw,,1,0,,,0
Short Break,2025-06-20 00:40:06,2025-06-20 00:40:12,0.09147531666666667,thtrtrw,,1,0,,,0
Work,2025-06-20 00:40:06,2025-06-20 00:40:13,0.10730938333333334,thtrtrw,,1,0,,,0
Short Break,2025-06-20 00:40:06,2025-06-20 00:40:18,0.2003081,thtrtrw,,1,0,,,0
Work,2025-06-20 00:40:06,2025-06-20 00:40:19,0.21599343333333335,thtrtrw,,1,0,,,0
Work,2025-06-20 00:40:06,2025-06-20 00:40:30,0.4,asdadawrqe,,0,0,,,1
Work,2025-06-20 00:40:36,2025-06-20 00:40:37,0.015035983333333334,qweqewqe,,1,0,,,0
Short Break,2025-06-20 00:40:36,2025-06-20 00:40:38,0.030927649999999998,qweqewqe,,1,0,,,0
Work,2025-06-20 00:40:36,2025-06-20 00:40:39,0.04686398333333333,qweqewqe,,1,0,,,0
Work,2025-06-20 00:42:58,2025-06-20 00:42:59,0.015246783333333335,4123131,,1,0,,,0
Short Break,2025-06-20 00:42:58,2025-06-20 00:43:00,0.03169796666666667,4123131,,1,0,,,0
Work,2025-06-20 00:42:58,2025-06-20 00:43:01,0.047541983333333336,4123131,,1,0,,,0
Work,2025-06-20 01:08:25,2025-06-20 01:08:26,0.015375350000000001,Tria,,1,0,,,0
Short Break,2025-06-20 01:08:25,2025-06-20 01:08:27,0.031307716666666666,Tria,,1,0,,,0
Work,2025-06-20 01:08:25,2025-06-20 01:08:28,0.04674388333333333,Tria,,1,0,,,0
Short Break,2025-06-20 01:08:25,2025-06-20 01:08:29,0.06275406666666666,Tria,,1,0,,,0
Work,2025-06-20 01:08:25,2025-06-20 01:08:30,0.07840355,Tria,,1,0,,,0
Short Break,2025-06-20 01:08:25,2025-06-20 01:08:31,0.09444398333333333,Tria,,1,0,,,0
Work,2025-06-20 01:08:25,2025-06-20 01:08:32,0.1098663,Tria,,1,0,,,0
Long Break,2025-06-20 01:08:25,2025-06-20 01:08:32,0.12559346666666665,Tria,,1,0,,,0
Work,2025-06-20 01:08:25,2025-06-20 01:08:33,0.14137803333333335,Tria,,1,0,,,0
Short Break,2025-06-20 01:08:25,2025-06-20 01:08:37,0.20719781666666667,Tria,,1,0,,,0
Work,2025-06-20 01:08:25,2025-06-20 01:08:38,0.22270111666666667,Tria,,1,0,,,0
Short Break,2025-06-20 01:08:25,2025-06-20 01:08:43,0.30614275,Tria,,1,0,,,0
Work,2025-06-20 01:08:25,2025-06-20 01:08:44,0.3218669,Tria,,1,0,,,0
Work,2025-06-20 01:11:39,2025-06-20 01:11:40,0.0151887,wwwwwwwww,,1,0,,,0
Short Break,2025-06-20 01:11:39,2025-06-20 01:11:41,0.03092675,wwwwwwwww,,1,0,,,0
Work,2025-06-20 01:11:39,2025-06-20 01:11:42,0.04657605,wwwwwwwww,,1,0,,,0
Short Break,2025-06-20 01:11:39,2025-06-20 01:11:48,0.16095583333333333,wwwwwwwww,,1,0,,,0
Work,2025-06-20 01:11:39,2025-06-20 01:11:49,0.17638979999999999,wwwwwwwww,,1,0,,,0
Work,2025-06-20 01:12:03,2025-06-20 01:12:04,0.015277283333333334,wwqeqerqwrq,,1,0,,,0
Short Break,2025-06-20 01:12:03,2025-06-20 01:12:05,0.03093818333333333,wwqeqerqwrq,,1,0,,,0
Work,2025-06-20 01:12:03,2025-06-20 01:12:05,0.0466909,wwqeqerqwrq,,1,0,,,0
Work,2025-06-20 01:13:27,2025-06-20 01:13:28,0.015305533333333335,111111111,,1,0,,,0
Short Break,2025-06-20 01:13:27,2025-06-20 01:13:29,0.031356833333333334,111111111,,1,0,,,0
Work,2025-06-20 01:13:27,2025-06-20 01:13:30,0.04707958333333333,111111111,,1,0,,,0
Short Break,2025-06-20 01:13:27,2025-06-20 01:13:31,0.06311805,111111111,,1,0,,,0
Work,2025-06-20 01:13:27,2025-06-20 01:13:32,0.07866573333333333,111111111,,1,0,,,0
Short Break,2025-06-20 01:13:27,2025-06-20 01:13:33,0.09468991666666667,111111111,,1,0,,,0
Work,2025-06-20 01:13:27,2025-06-20 21:23:15,72587.7,111111111,1212,1,1,,,1
Short Break,2025-06-20 21:23:15,2025-06-20 21:23:16,0.57,111111111,,1,0,,,0
Work,2025-06-20 21:23:16,2025-06-20 21:23:16,0.47,111111111,1212,1,0,,,0
Short Break,2025-06-20 21:23:16,2025-06-20 21:23:17,0.56,111111111,,1,0,,,0
Work,2025-06-20 21:23:17,2025-06-20 21:23:17,0.47,111111111,1212,1,0,,,0
Short Break,2025-06-20 21:23:17,2025-06-20 21:23:18,0.58,111111111,,1,0,,,0
Work,2025-06-21 23:05:25,2025-06-21 23:05:26,0.93,123131,3132,1,0,,,0
Short Break,2025-06-21 23:05:26,2025-06-21 23:05:26,0.47,123131,,1,0,,,0
Work,2025-06-21 23:05:26,2025-06-21 23:05:27,0.47,123131,3132,1,0,,,0
Short Break,2025-06-21 23:05:27,2025-06-21 23:05:27,0.47,123131,,1,0,,,0
Work,2025-06-21 23:05:27,2025-06-21 23:05:28,0.47,123131,3132,1,0,,,0
Short Break,2025-06-21 23:05:28,2025-06-21 23:05:28,0.47,123131,,1,0,,,0
Work,2025-06-21 23:05:28,2025-06-21 23:05:29,0.46,123131,3132,1,0,,,0
Long Break,2025-06-21 23:05:29,2025-06-21 23:05:29,0.47,123131,,1,0,,,0
Work,2025-06-21 23:05:29,2025-06-21 23:05:30,0.46,123131,3132,1,0,,,0
Short Break,2025-06-21 23:05:30,2025-06-21 23:05:30,0.47,123131,,1,0,,,0
Work,2025-06-21 23:05:30,2025-06-21 23:05:31,0.45,123131,123123,1,0,,,0
Short Break,2025-06-21 23:05:31,2025-06-21 23:05:31,0.47,123131,,1,0,,,0
Work,2025-06-21 23:05:31,2025-06-21 23:05:32,0.46,123131,123123,1,0,,,0
Short Break,2025-06-21 23:05:32,2025-06-21 23:05:32,0.48,123131,,1,0,,,0
Work,2025-06-21 23:05:32,2025-06-21 23:05:33,0.46,123131,123123,1,0,,,0
Long Break,2025-06-21 23:05:33,2025-06-21 23:05:33,0.47,123131,,1,0,,,0
Work,2025-06-21 23:05:33,2025-06-21 23:05:34,0.45,123131,123123,1,0,,,0
Short Break,2025-06-21 23:05:34,2025-06-21 23:05:34,0.47,123131,,1,0,,,0
Work,2025-06-21 23:05:34,2025-06-21 23:07:46,131.77,123131,123123,1,1,,,1
Short Break,2025-06-21 23:07:46,2025-06-21 23:07:47,0.48,123131,,1,0,,,0
Work,2025-06-21 23:07:47,2025-06-21 23:07:47,0.46,123131,123123,1,0,,,0
Short Break,2025-06-21 23:07:47,2025-06-21 23:07:48,0.49,123131,,1,0,,,0
Work,2025-06-21 23:07:48,2025-06-21 23:07:48,0.46,123131,123123,1,0,,,0
Short Break,2025-06-21 23:07:48,2025-06-21 23:07:49,0.49,123131,,1,0,,,0
Work,2025-06-21 23:07:49,2025-06-21 23:07:49,0.47,123131,123123,1,0,,,0
Long Break,2025-06-21 23:07:49,2025-06-21 23:07:50,0.48,123131,,1,0,,,0
Work,2025-06-21 23:07:50,2025-06-21 23:07:50,0.46,123131,1331,1,0,,,0
Short Break,2025-06-21 23:07:50,2025-06-21 23:07:51,0.51,123131,,1,0,,,0
Work,2025-06-21 23:07:51,2025-06-21 23:07:51,0.46,123131,1331,1,0,,,0
Short Break,2025-06-21 23:07:51,2025-06-21 23:07:52,0.5,123131,,1,0,,,0
Work,2025-06-21 23:07:52,2025-06-21 23:07:52,0.46,123131,1331,1,0,,,0
Short Break,2025-06-21 23:07:52,2025-06-21 23:07:53,0.49,123131,,1,0,,,0
Work,2025-06-21 23:07:53,2025-06-21 23:07:53,0.46,123131,1331,1,0,,,0
Long Break,2025-06-21 23:07:53,2025-06-21 23:07:54,0.5,123131,,1,0,,,0
Work,2025-06-21 23:07:54,2025-06-21 23:07:54,0.46,123131,1331,1,0,,,0
Short Break,2025-06-21 23:07:54,2025-06-21 23:07:55,0.49,123131,,1,0,,,0
Work,2025-06-21 23:07:55,2025-06-21 23:07:55,0.47,123131,31321,1,0,,,0
Short Break,2025-06-21 23:07:56,2025-06-21 23:07:56,0.49,123131,,1,0,,,0
Work,2025-06-21 23:07:56,2025-06-21 23:07:56,0.47,123131,31321,1,0,,,0
Short Break,2025-06-21 23:07:57,2025-06-21 23:07:57,0.49,123131,,1,0,,,0
Work,2025-06-21 23:07:57,2025-06-21 23:07:57,0.47,123131,31321,1,0,,,0
Long Break,2025-06-21 23:07:58,2025-06-21 23:07:58,0.49,123131,,1,0,,,0
Work,2025-06-21 23:07:58,2025-06-21 23:07:59,0.46,123131,31321,1,0,,,0
Short Break,2025-06-21 23:07:59,2025-06-21 23:07:59,0.49,123131,,1,0,,,0
Work,2025-06-21 23:07:59,2025-06-21 23:08:00,0.46,123131,31321,1,0,,,0
Short Break,2025-06-21 23:08:05,2025-06-21 23:08:06,0.94,123131,,1,0,,,0
Work,2025-06-21 23:08:06,2025-06-21 23:08:06,0.47,123131,,1,0,,,0
Short Break,2025-06-21 23:08:06,2025-06-21 23:08:07,0.5,123131,,1,0,,,0
Work,2025-06-21 23:08:07,2025-06-21 23:08:07,0.47,123131,,1,0,,,0
Long Break,2025-06-21 23:08:07,2025-06-21 23:08:08,0.49,123131,,1,0,,,0
Work,2025-06-21 23:08:08,2025-06-21 23:08:08,0.47,123131,,1,0,,,0
Short Break,2025-06-21 23:08:08,2025-06-21 23:08:09,0.5,123131,,1,0,,,0
Work,2025-06-21 23:08:09,2025-06-21 23:08:09,0.47,123131,,1,0,,,0
Work,2025-06-21 23:08:09,2025-06-21 23:08:14,5.28,123131,,1,0,5,Yes,0
Work,2025-06-22 13:41:11,2025-06-22 13:41:12,0.95,what's up bitches,sometask,1,0,,,0
Short Break,2025-06-22 13:41:12,2025-06-22 13:41:12,0.52,what's up bitches,,1,0,,,0
Work,2025-06-22 13:41:12,2025-06-22 13:41:13,0.47,what's up bitches,,1,0,,,0
Short Break,2025-06-22 13:41:13,2025-06-22 13:41:14,0.51,what's up bitches,,1,0,,,0
Work,2025-06-22 13:41:14,2025-06-22 13:41:14,0.45,what's up bitches,,1,0,,,0
Short Break,2025-06-22 13:41:14,2025-06-22 13:41:15,0.52,what's up bitches,,1,0,,,0
Work,2025-06-22 13:41:15,2025-06-22 13:41:15,0.44,what's up bitches,,1,0,,,0
Work,2025-06-22 13:41:15,2025-06-22 13:41:23,8.08,what's up bitches,,1,0,5,Partially,0
